ID,Website Link,Phone Number,Email
1,https://www.google.com/aclk?sa=l&ai=DChcSEwjt4Ky0kL6EAxVwqWYCHYVEAcsYABACGgJzbQ&gclid=EAIaIQobChMI7eCstJC-hAMVcKlmAh2FRAHLEAAYASAAEgIeafD_BwE&sig=AOD64_0QhhUAdW7o_-z5Twl_AoTwf6Q9vg&ved=2ahUKEwi6gae0kL6EAxVBxDgGHddSDe0Q0Qx6BAgMEAE&adurl=,,
2,https://www.google.com/aclk?sa=l&ai=DChcSEwjt4Ky0kL6EAxVwqWYCHYVEAcsYABAAGgJzbQ&gclid=EAIaIQobChMI7eCstJC-hAMVcKlmAh2FRAHLEAAYAiAAEgI1o_D_BwE&sig=AOD64_2wNEdOqqR5q9rmdZyjziuOHiwT1A&ved=2ahUKEwi6gae0kL6EAxVBxDgGHddSDe0Q0Qx6BAgNEAE&adurl=,,
3,https://www.google.com/aclk?sa=l&ai=DChcSEwjt4Ky0kL6EAxVwqWYCHYVEAcsYABABGgJzbQ&gclid=EAIaIQobChMI7eCstJC-hAMVcKlmAh2FRAHLEAAYAyAAEgL-FPD_BwE&sig=AOD64_1spZaQC0eIpxFJBF7Xi4qfeMNzeg&ved=2ahUKEwi6gae0kL6EAxVBxDgGHddSDe0Q0Qx6BAgOEAE&adurl=,,
4,https://www.google.com/aclk?sa=l&ai=DChcSEwjt4Ky0kL6EAxVwqWYCHYVEAcsYABACGgJzbQ&gclid=EAIaIQobChMI7eCstJC-hAMVcKlmAh2FRAHLEAAYASAAEgIeafD_BwE&sig=AOD64_0QhhUAdW7o_-z5Twl_AoTwf6Q9vg&ved=2ahUKEwi6gae0kL6EAxVBxDgGHddSDe0Q0Qx6BAgMEAE&adurl=,,
5,https://www.google.com/aclk?sa=l&ai=DChcSEwjt4Ky0kL6EAxVwqWYCHYVEAcsYABAAGgJzbQ&gclid=EAIaIQobChMI7eCstJC-hAMVcKlmAh2FRAHLEAAYAiAAEgI1o_D_BwE&sig=AOD64_2wNEdOqqR5q9rmdZyjziuOHiwT1A&ved=2ahUKEwi6gae0kL6EAxVBxDgGHddSDe0Q0Qx6BAgNEAE&adurl=,,
6,https://www.google.com/aclk?sa=l&ai=DChcSEwjt4Ky0kL6EAxVwqWYCHYVEAcsYABABGgJzbQ&gclid=EAIaIQobChMI7eCstJC-hAMVcKlmAh2FRAHLEAAYAyAAEgL-FPD_BwE&sig=AOD64_1spZaQC0eIpxFJBF7Xi4qfeMNzeg&ved=2ahUKEwi6gae0kL6EAxVBxDgGHddSDe0Q0Qx6BAgOEAE&adurl=,,
7,https://www.google.com/aclk?sa=l&ai=DChcSEwjt4Ky0kL6EAxVwqWYCHYVEAcsYABACGgJzbQ&gclid=EAIaIQobChMI7eCstJC-hAMVcKlmAh2FRAHLEAAYASAAEgIeafD_BwE&sig=AOD64_0QhhUAdW7o_-z5Twl_AoTwf6Q9vg&ved=2ahUKEwi6gae0kL6EAxVBxDgGHddSDe0Q0Qx6BAgMEAE&adurl=,,
8,https://www.google.com/aclk?sa=l&ai=DChcSEwjt4Ky0kL6EAxVwqWYCHYVEAcsYABAAGgJzbQ&gclid=EAIaIQobChMI7eCstJC-hAMVcKlmAh2FRAHLEAAYAiAAEgI1o_D_BwE&sig=AOD64_2wNEdOqqR5q9rmdZyjziuOHiwT1A&ved=2ahUKEwi6gae0kL6EAxVBxDgGHddSDe0Q0Qx6BAgNEAE&adurl=,,
9,https://www.google.com/aclk?sa=l&ai=DChcSEwjt4Ky0kL6EAxVwqWYCHYVEAcsYABABGgJzbQ&gclid=EAIaIQobChMI7eCstJC-hAMVcKlmAh2FRAHLEAAYAyAAEgL-FPD_BwE&sig=AOD64_1spZaQC0eIpxFJBF7Xi4qfeMNzeg&ved=2ahUKEwi6gae0kL6EAxVBxDgGHddSDe0Q0Qx6BAgOEAE&adurl=,,
